	Uniprot ID	Uniprot Subcellular Location	Gene Ontology (Cellular Component)
8	Q9Z0M9	Secreted	extracellular space
10	Q3UV17	Not found Uniprot Annotation	extracellular space|keratin filament
13	Q8BH61	Cytoplasm|Secreted|Secreted into the blood plasma. Cytoplasmic in most tissues, but also secreted in the blood plasma.	collagen-containing extracellular matrix|cytoplasm|extracellular region
15	O08677	Secreted|Extracellular space	blood microparticle|collagen-containing extracellular matrix|extracellular region|extracellular space|perikaryon
16	Q9EQI5	Secreted	extracellular space
17	Q01339	Secreted	cell surface|chylomicron|extracellular space|high-density lipoprotein particle|very-low-density lipoprotein particle
18	P51910	Secreted	cytoplasm|cytosolic ribosome|dendrite|endoplasmic reticulum|extracellular space|neuronal cell body|perinuclear region of cytoplasm
19	A0A075B5N9	Not found Uniprot Annotation	extracellular space
20	P11087	Secreted|Extracellular space|Extracellular matrix	collagen trimer|collagen type I trimer|collagen type II trimer|collagen-containing extracellular matrix|cytoplasm|extracellular matrix|extracellular region|extracellular space|secretory granule
21	P07901	Nucleus|Cytoplasm|Melanosome|Cell membrane|Mitochondrion	apical plasma membrane|axonal growth cone|basolateral plasma membrane|brush border membrane|cell surface|collagen-containing extracellular matrix|cytoplasm|cytosol|dendritic growth cone|melanosome|mitochondrion|myelin sheath|neuronal cell body|nucleoplasm|nucleus|perinuclear region of cytoplasm|plasma membrane|protein-containing complex|sperm flagellum|sperm mitochondrial sheath|sperm plasma membrane
24	Q02105	Secreted	collagen trimer|complement component C1 complex|complement component C1q complex|extracellular region|extracellular space|postsynapse|synapse
25	E9PV24	Secreted	blood microparticle|cell cortex|collagen-containing extracellular matrix|extracellular space|fibrinogen complex|synapse
28	P07356	Secreted|Extracellular space|Extracellular matrix|Basement membrane|Melanosome|In the lamina beneath the plasma membrane.	AnxA2-p11 complex|basement membrane|basolateral plasma membrane|cell cortex|cell surface|collagen-containing extracellular matrix|cornified envelope|cytoplasm|cytosol|early endosome|extracellular exosome|extracellular space|late endosome membrane|lipid droplet|lysosomal membrane|macropinosome|melanosome|membrane|membrane raft|midbody|myelin sheath adaxonal region|nuclear matrix|PCSK9-AnxA2 complex|perinuclear region of cytoplasm|plasma membrane|plasma membrane protein complex|protein-containing complex|RNA polymerase II transcription regulator complex|ruffle|sarcolemma|Schmidt-Lanterman incisure|vesicle
34	P01029	Secreted|Synapse|Cell projection|Axon|Cell projection|Dendrite	axon|dendrite|extracellular region|extracellular space|synapse
41	A0A075B5J9	Not found Uniprot Annotation	extracellular space
42	A0A140T8N3	Not found Uniprot Annotation	extracellular space
43	P28798	Secreted|Lysosome|Endocytosed by SORT1 and delivred to lysosomes. Targeted to lysosome by PSAP via M6PR and LRP1, in both biosynthetic and endocytic pathways (By similarity). Co-localized with GBA1 in the intracellular trafficking compartments until to lysosome (PubMed:27789271).	cerebellar climbing fiber to Purkinje cell synapse|endoplasmic reticulum|extracellular region|extracellular space|glutamatergic synapse|Golgi apparatus|late endosome|lysosomal membrane|lysosome|membrane|mitochondrion|plasma membrane|presynapse|synapse|trans-Golgi network|vesicle
46	Q9DBH5	Golgi apparatus membrane|Single-pass type I membrane protein	cell surface|COPII-coated ER to Golgi transport vesicle|endoplasmic reticulum membrane|endoplasmic reticulum-Golgi intermediate compartment|extracellular space|Golgi membrane|plasma membrane
50	P11680	Secreted	cytoplasmic side of Golgi membrane|extracellular space|secretory granule
51	A0A0B4J1H6	Not found Uniprot Annotation	extracellular space
60	P17897	Secreted	endoplasmic reticulum lumen|extracellular region|Golgi cis cisterna|Golgi stack|microvillus|rough endoplasmic reticulum lumen|secretory granule|trans-Golgi network transport vesicle
61	Q792Z1	Not found Uniprot Annotation	collagen-containing extracellular matrix|extracellular space
66	P20918	Secreted|Locates to the cell surface where it is proteolytically cleaved to produce the active plasmin. Interaction with HRG tethers it to the cell surface (By similarity).	cell surface|collagen-containing extracellular matrix|external side of plasma membrane|extracellular region|extracellular space|glutamatergic synapse|Schaffer collateral - CA1 synapse
70	Q9CPN9	Not found Uniprot Annotation	extracellular space
71	Q9NZT1	Not found Uniprot Annotation	extracellular region|ficolin-1-rich granule lumen
72	P02679	Secreted	blood microparticle|cell surface|collagen-containing extracellular matrix|endoplasmic reticulum lumen|external side of plasma membrane|extracellular exosome|extracellular region|extracellular space|fibrinogen complex|plasma membrane|platelet alpha granule|platelet alpha granule lumen
73	P02671	Secreted	blood microparticle|cell surface|collagen-containing extracellular matrix|endoplasmic reticulum|endoplasmic reticulum lumen|external side of plasma membrane|extracellular exosome|extracellular region|extracellular space|extracellular vesicle|fibrinogen complex|plasma membrane|platelet alpha granule|platelet alpha granule lumen
74	P00488	Cytoplasm|Secreted|Secreted into the blood plasma. Cytoplasmic in most tissues, but also secreted in the blood plasma.	blood microparticle|collagen-containing extracellular matrix|extracellular region|extracellular space|platelet alpha granule lumen|transferase complex
75	P81605	Secreted	extracellular exosome|extracellular region|membrane
76	P12259	Secreted	COPII-coated ER to Golgi transport vesicle|endoplasmic reticulum lumen|endoplasmic reticulum-Golgi intermediate compartment membrane|extracellular region|extracellular space|extracellular vesicle|membrane|plasma membrane|platelet alpha granule|platelet alpha granule lumen
77	P02763	Secreted	blood microparticle|collagen-containing extracellular matrix|extracellular exosome|extracellular region|extracellular space|platelet alpha granule lumen|specific granule lumen|tertiary granule lumen
78	Q9NRN7	Cytoplasm|Cytosol	cytosol|extracellular exosome
80	P98161	Cell membrane|Multi-pass membrane protein|Cell projection|Cilium|Endoplasmic reticulum|Golgi apparatus|Vesicle|Secreted|Extracellular exosome|PKD1 localization to the plasma and ciliary membranes requires PKD2, is independent of PKD2 channel activity, and involves stimulation of PKD1 autoproteolytic cleavage at the GPS region of the GAIN-B domain. PKD1:PKD2 interaction is required to reach the Golgi apparatus from endoplasmic reticulum and then traffic to the cilia (By similarity). Ciliary localization of PKD1 requires BBS1 and ARL6/BBS3 (By similarity). Cell surface localization requires GANAB (PubMed:27259053). Detected on migrasomes and on extracellular exosomes in urine (PubMed:37681898).	basolateral plasma membrane|calcium channel complex|cation channel complex|cell surface|ciliary membrane|cilium|cytoplasm|endoplasmic reticulum|extracellular exosome|Golgi apparatus|Golgi membrane|Golgi-associated vesicle membrane|lateral plasma membrane|membrane|migrasome|motile cilium|nucleus|plasma membrane|polycystin complex
82	A0A075B6R9	Secreted|Cell membrane	extracellular space|immunoglobulin complex|plasma membrane
86	Q14624	Secreted	blood microparticle|collagen-containing extracellular matrix|extracellular exosome|extracellular region|plasma membrane|platelet dense granule lumen
88	P61626	Secreted	azurophil granule lumen|extracellular exosome|extracellular region|extracellular space|specific granule lumen|tertiary granule lumen
90	P12273	Secreted	extracellular exosome|extracellular region|extracellular space|nucleus
100	P63017	Cytoplasm|Melanosome|Nucleus|Nucleolus|Cell membrane|Lysosome membrane|Peripheral membrane protein|Cytoplasmic side|Localized in cytoplasmic mRNP granules containing untranslated mRNAs. Translocates rapidly from the cytoplasm to the nuclei, and especially to the nucleoli, upon heat shock.	asymmetric synapse|autophagosome|axon|cell surface|cytoplasm|cytosol|dendrite|dendritic shaft|dendritic spine|extracellular exosome|glutamatergic synapse|glycinergic synapse|intermediate filament|late endosome|late endosome lumen|lysosomal matrix|lysosomal membrane|melanosome|microtubule|myelin sheath|neuron spine|neuronal cell body|nucleolus|nucleus|perikaryon|perinuclear region of cytoplasm|photoreceptor inner segment|photoreceptor ribbon synapse|plasma membrane|postsynapse|postsynaptic cytosol|postsynaptic density|postsynaptic specialization membrane|presynapse|presynaptic cytosol|protein folding chaperone complex|protein-containing complex|Prp19 complex|ribonucleoprotein complex|spliceosomal complex|synaptic vesicle|terminal bouton
103	P20029	Endoplasmic reticulum lumen|Melanosome|Cytoplasm|Cell surface|Identified by mass spectrometry in melanosome fractions from stage I to stage IV (By similarity). Localizes to the cell surface in epithelial cells; high levels of free iron promotes cell surface localization (By similarity).	cell surface|COP9 signalosome|cytoplasm|cytosol|dendritic shaft|endoplasmic reticulum|endoplasmic reticulum chaperone complex|endoplasmic reticulum lumen|endoplasmic reticulum membrane|endoplasmic reticulum-Golgi intermediate compartment|extracellular region|melanosome|membrane|midbody|mitochondrion|myelin sheath|neuronal cell body|nucleus|plasma membrane|smooth endoplasmic reticulum
109	Q61696	Cytoplasm|Nucleus|Cytoplasm|Cytoskeleton|Microtubule organizing center|Centrosome|Secreted|Localized in cytoplasmic mRNP granules containing untranslated mRNAs.	apical plasma membrane|basolateral plasma membrane|blood microparticle|centrosome|cytoplasm|cytosol|membrane raft|mitochondrion|nuclear speck|nucleus|perinuclear region of cytoplasm|protein-containing complex|vesicle
113	P09813	Secreted	blood microparticle|chylomicron|cytosol|extracellular region|extracellular space|spherical high-density lipoprotein particle|very-low-density lipoprotein particle
118	P33622	Secreted	chylomicron|cytosol|extracellular region|extracellular space|intermediate-density lipoprotein particle|spherical high-density lipoprotein particle|very-low-density lipoprotein particle
121	P01837	Not found Uniprot Annotation	extracellular region|plasma membrane
124	P05064	Cytoplasm|Myofibril|Sarcomere|I band|Cytoplasm|Myofibril|Sarcomere|M line|In skeletal muscle, accumulates around the M line and within the I band, colocalizing with FBP2 on both sides of the Z line in the absence of Ca(2+).	cytoplasm|cytosol|extracellular space|heterochromatin|M band|membrane|myelin sheath|plasma membrane|protein-containing complex|sperm fibrous sheath|Z disc
133	P17742	Cytoplasm|Secreted|Nucleus|Secretion occurs in response to oxidative stress in vascular smooth muscle through a vesicular secretory pathway that involves actin remodeling and myosin II activation, and mediates ERK1/2 activation.	cytoplasm|cytosol|extracellular region|extracellular space|myelin sheath|nucleus|protein-containing complex
136	A0A075B5J9	Not found Uniprot Annotation	extracellular space
137	A0A075B5K3	Not found Uniprot Annotation	extracellular space
138	P07724	Secreted	basement membrane|blood microparticle|cytoplasm|endoplasmic reticulum|extracellular exosome|extracellular region|extracellular space|Golgi apparatus|myelin sheath|protein-containing complex
145	O88992	Secreted	cerebellar climbing fiber to Purkinje cell synapse|climbing fiber|collagen trimer|cytoplasm|presynapse|synaptic cleft
146	A0A2R8VHP3	Not found Uniprot Annotation	extracellular space|keratin filament
148	P07356	Secreted|Extracellular space|Extracellular matrix|Basement membrane|Melanosome|In the lamina beneath the plasma membrane.	AnxA2-p11 complex|basement membrane|basolateral plasma membrane|cell cortex|cell surface|collagen-containing extracellular matrix|cornified envelope|cytoplasm|cytosol|early endosome|extracellular exosome|extracellular space|late endosome membrane|lipid droplet|lysosomal membrane|macropinosome|melanosome|membrane|membrane raft|midbody|myelin sheath adaxonal region|nuclear matrix|PCSK9-AnxA2 complex|perinuclear region of cytoplasm|plasma membrane|plasma membrane protein complex|protein-containing complex|RNA polymerase II transcription regulator complex|ruffle|sarcolemma|Schmidt-Lanterman incisure|vesicle
154	P01867	Isoform 1|Cell membrane|Single-pass membrane protein	blood microparticle|extracellular exosome|extracellular region|extracellular space|immunoglobulin complex, circulating|plasma membrane
155	Q8CFR0	Secreted	cerebellar climbing fiber to Purkinje cell synapse|collagen trimer|extracellular region|glutamatergic synapse|hippocampal mossy fiber to CA3 synapse|protein-containing complex|synaptic cleft
156	Q9ESN4	Secreted	collagen trimer|extracellular region|glutamatergic synapse|hippocampal mossy fiber to CA3 synapse|synaptic cleft
157	Q9CPN9	Not found Uniprot Annotation	extracellular space
163	Q01149	Secreted|Extracellular space|Extracellular matrix	collagen trimer|collagen type I trimer|collagen type IV trimer|collagen-containing extracellular matrix|extracellular space
167	P61021	Cell membrane|Lipid-anchor|Cytoplasmic side|Early endosome membrane|Lipid-anchor|Melanosome	early endosome|early endosome membrane|endocytic vesicle|endomembrane system|extracellular exosome|Golgi apparatus|melanosome|plasma membrane|synaptic vesicle membrane
170	Q792Z1	Not found Uniprot Annotation	collagen-containing extracellular matrix|extracellular space
171	Q6IFZ8	Not found Uniprot Annotation	extracellular space|keratin filament
173	P10639	Nucleus|Cytoplasm|Secreted|Translocates from the cytoplasm into the nucleus after phorbol 12-myristate 13-acetate induction (PMA). Predominantly in the cytoplasm in non irradiated cells. Radiation induces translocation of TRX from the cytoplasm to the nucleus. Secreted by a leaderless secretory pathway.	axon|cytoplasm|cytosol|dendrite|extracellular region|mitochondrion|neuronal cell body|nucleoplasm|nucleus
181	P07310	Cytoplasm	cytoplasm|extracellular space
184	P52480	Isoform M2|Cytoplasm|Nucleus|Translocates to the nucleus in response to various signals, such as EGF receptor activation or apoptotic stimuli. Nuclear translocation is promoted by acetylation by EP300. Deacetylation by SIRT6 promotes its nuclear export in a process dependent of XPO4, thereby suppressing its ability to activate transcription and promote tumorigenesis.	cilium|collagen-containing extracellular matrix|cytoplasm|cytosol|mitochondrion|myelin sheath|nucleus|pyruvate kinase complex|rough endoplasmic reticulum
186	P11021	Endoplasmic reticulum lumen|Melanosome|Cytoplasm|Cell surface|Identified by mass spectrometry in melanosome fractions from stage I to stage IV (PubMed:12643545). Localizes to the cell surface of epithelial cells in response to high levels of free iron (PubMed:20484814, PubMed:24355926, PubMed:27159390).	cell surface|cytoplasm|cytosol|endoplasmic reticulum|endoplasmic reticulum chaperone complex|endoplasmic reticulum lumen|endoplasmic reticulum membrane|endoplasmic reticulum-Golgi intermediate compartment|extracellular exosome|focal adhesion|intracellular membrane-bounded organelle|melanosome|membrane|midbody|mitochondrion|nucleus|plasma membrane|protein-containing complex
187	P11142	Cytoplasm|Melanosome|Nucleus|Nucleolus|Cell membrane|Lysosome membrane|Peripheral membrane protein|Cytoplasmic side|Localized in cytoplasmic mRNP granules containing untranslated mRNAs (PubMed:17289661). Translocates rapidly from the cytoplasm to the nuclei, and especially to the nucleoli, upon heat shock (PubMed:1586970).	autophagosome|blood microparticle|cell surface|clathrin-sculpted gamma-aminobutyric acid transport vesicle membrane|cytoplasm|cytosol|dendritic shaft|dendritic spine|extracellular exosome|extracellular region|extracellular space|ficolin-1-rich granule lumen|focal adhesion|glutamatergic synapse|glycinergic synapse|intermediate filament|late endosome|lumenal side of lysosomal membrane|lysosomal lumen|lysosomal matrix|lysosomal membrane|melanosome|membrane|microtubule|nucleolus|nucleoplasm|nucleus|perikaryon|perinuclear region of cytoplasm|photoreceptor inner segment|photoreceptor ribbon synapse|plasma membrane|postsynaptic cytosol|postsynaptic density|postsynaptic specialization membrane|presynaptic cytosol|protein folding chaperone complex|Prp19 complex|ribonucleoprotein complex|secretory granule lumen|spliceosomal complex|synaptic vesicle|terminal bouton
188	P54652	Cytoplasm|Cytoskeleton|Spindle|Colocalizes with SHCBP1L at spindle during the meiosis process.	blood microparticle|CatSper complex|cell surface|cytoplasm|cytosol|extracellular exosome|male germ cell nucleus|meiotic spindle|membrane|nucleus|plasma membrane|synaptonemal complex
189	Q02818	Golgi apparatus|Cis-Golgi network membrane|Peripheral membrane protein|Lumenal side|Cytoplasm|Secreted|A small fraction of the protein may be cytoplasmic.	endoplasmic reticulum lumen|endoplasmic reticulum-Golgi intermediate compartment|extracellular exosome|extracellular space|Golgi apparatus|membrane
190	P38405	Not found Uniprot Annotation	cytoplasm|extracellular exosome|heterotrimeric G-protein complex|plasma membrane
191	P02768	Secreted	blood microparticle|cytoplasm|endoplasmic reticulum|endoplasmic reticulum lumen|extracellular exosome|extracellular region|extracellular space|Golgi apparatus|nucleus|platelet alpha granule lumen|protein-containing complex
192	P02763	Secreted	blood microparticle|collagen-containing extracellular matrix|extracellular exosome|extracellular region|extracellular space|platelet alpha granule lumen|specific granule lumen|tertiary granule lumen
194	P31151	Cytoplasm|Secreted|Secreted by a non-classical secretory pathway.	azurophil granule lumen|collagen-containing extracellular matrix|cytoplasm|cytosol|endoplasmic reticulum|extracellular region|extracellular space|focal adhesion|nucleus
195	P06576	Mitochondrion inner membrane|Peripheral membrane protein|Matrix side	cell surface|extracellular exosome|membrane|mitochondrial inner membrane|mitochondrial matrix|mitochondrial membrane|mitochondrial nucleoid|mitochondrial proton-transporting ATP synthase complex|mitochondrial proton-transporting ATP synthase, catalytic core|mitochondrion|nucleus|plasma membrane|proton-transporting ATP synthase complex|proton-transporting ATP synthase complex, catalytic core F(1)
196	Q5JWF2	Cell membrane|Peripheral membrane protein|Apical cell membrane	apical plasma membrane|cytoplasm|cytosol|extracellular exosome|heterotrimeric G-protein complex|membrane
197	P47989	Cytoplasm|Peroxisome|Secreted	cytosol|extracellular space|peroxisome|sarcoplasmic reticulum
198	P81605	Secreted	extracellular exosome|extracellular region|membrane
199	P19652	Secreted	azurophil granule lumen|blood microparticle|collagen-containing extracellular matrix|extracellular exosome|extracellular region|extracellular space|platelet alpha granule lumen|specific granule lumen
201	P17066	Not found Uniprot Annotation	blood microparticle|centriole|cytoplasm|cytosol|extracellular exosome|extracellular region|ficolin-1-rich granule lumen|nucleus|plasma membrane|secretory granule lumen
202	P25705	Mitochondrion|Mitochondrion inner membrane|Peripheral membrane protein|Matrix side|Cell membrane|Peripheral membrane protein|Extracellular side|Colocalizes with HRG on the cell surface of T-cells (PubMed:19285951).	cell surface|extracellular exosome|membrane|membrane raft|mitochondrial inner membrane|mitochondrial matrix|mitochondrial proton-transporting ATP synthase complex|mitochondrial proton-transporting ATP synthase, catalytic core|mitochondrion|plasma membrane|proton-transporting ATP synthase complex|proton-transporting ATP synthase complex, catalytic core F(1)
203	P05413	Cytoplasm	cytosol|extracellular exosome|extracellular space|nucleus
204	P15924	Cell junction|Desmosome|Cell membrane|Localizes at the intercalated disk in cardiomyocytes.	adherens junction|basolateral plasma membrane|cornified envelope|cytoplasm|desmosome|extracellular exosome|fascia adherens|ficolin-1-rich granule membrane|intercalated disc|intermediate filament|nucleus|plasma membrane
205	P0DMV9	Cytoplasm|Cytoplasm|Cytoskeleton|Microtubule organizing center|Centrosome|Localized in cytoplasmic mRNP granules containing untranslated mRNAs.	aggresome|blood microparticle|centriole|centrosome|cytoplasm|cytosol|endoplasmic reticulum|extracellular exosome|extracellular region|ficolin-1-rich granule lumen|focal adhesion|inclusion body|mitochondrion|nuclear speck|nucleoplasm|nucleus|perinuclear region of cytoplasm|plasma membrane|protein-containing complex|ribonucleoprotein complex|vesicle
206	Q86YZ3	Cytoplasmic granule|Found in keratohyalin granules in the granular cells of the epidermis.	azurophil granule lumen|collagen-containing extracellular matrix|cornified envelope|cytoplasm|extracellular exosome|extracellular region|keratohyalin granule|nucleus|perinuclear region of cytoplasm
208	P01024	Secreted	azurophil granule lumen|blood microparticle|cell surface|endoplasmic reticulum lumen|extracellular exosome|extracellular region|extracellular space|plasma membrane|protein-containing complex|secretory granule lumen
209	P02652	Secreted	blood microparticle|chylomicron|cytosol|early endosome|endoplasmic reticulum lumen|extracellular exosome|extracellular region|high-density lipoprotein particle|spherical high-density lipoprotein particle|very-low-density lipoprotein particle
210	P35030	Secreted	extracellular region|extracellular space|tertiary granule lumen
211	P61626	Secreted	azurophil granule lumen|extracellular exosome|extracellular region|extracellular space|specific granule lumen|tertiary granule lumen
212	Q86SG5	Cytoplasm	collagen-containing extracellular matrix|cytoplasm|cytosol|extracellular space
213	Q13410	Membrane|Single-pass type I membrane protein|Secreted	external side of plasma membrane|extracellular space|plasma membrane
214	P06858	Cell membrane|Peripheral membrane protein|Extracellular side|Secreted|Secreted|Extracellular space|Extracellular matrix|Newly synthesized LPL binds to cell surface heparan proteoglycans and is then released by heparanase. Subsequently, it becomes attached to heparan proteoglycan on endothelial cells (PubMed:27811232). Locates to the plasma membrane of microvilli of hepatocytes with triglyceride-rich lipoproteins (TRL). Some of the bound LPL is then internalized and located inside non-coated endocytic vesicles (By similarity).	catalytic complex|cell surface|chylomicron|extracellular region|extracellular space|plasma membrane|very-low-density lipoprotein particle
215	Q99541	Membrane|Peripheral membrane protein|Lipid droplet	cytosol|endoplasmic reticulum|extracellular region|lipid droplet|nucleus|plasma membrane
216	P14923	Cell junction|Adherens junction|Cell junction|Desmosome|Cytoplasm|Cytoskeleton|Cell membrane|Peripheral membrane protein|Cytoplasm|Cell junction|Nucleus|Cytoplasmic in a soluble and membrane-associated form.	adherens junction|catenin complex|cell-cell junction|cornified envelope|cytoplasm|cytoplasmic side of plasma membrane|cytoskeleton|cytosol|desmosome|extracellular exosome|extracellular region|ficolin-1-rich granule lumen|focal adhesion|gamma-catenin-TCF7L2 complex|intercalated disc|intermediate filament|nucleus|plasma membrane|protein-DNA complex|specific granule lumen|Z disc|zonula adherens
217	P34096	Secreted|Detected in urine.	extracellular region|extracellular space
218	Q08431	Membrane|Peripheral membrane protein|Secreted|Cytoplasmic vesicle|Secretory vesicle|Acrosome membrane|Peripheral membrane protein|Located in the acrosomal region of zona-pellucida bound sperm.	acrosomal membrane|collagen-containing extracellular matrix|endoplasmic reticulum lumen|external side of plasma membrane|extracellular exosome|extracellular region|extracellular space|extracellular vesicle|membrane
219	Q08554	Cell membrane|Single-pass type I membrane protein|Cell junction|Desmosome	adherens junction|catenin complex|cornified envelope|desmosome|extracellular exosome|ficolin-1-rich granule membrane|gap junction|membrane|plasma membrane
220	P59665	Secreted	azurophil granule lumen|collagen-containing extracellular matrix|extracellular exosome|extracellular region|extracellular space|Golgi lumen
221	P59666	Secreted	azurophil granule lumen|extracellular exosome|extracellular matrix|extracellular region|extracellular space|Golgi lumen
222	P48741	Not found Uniprot Annotation	blood microparticle|cytoplasm|cytosol|extracellular exosome|nucleus|plasma membrane
223	Q01469	Cytoplasm|Nucleus|Synapse|Postsynaptic density|Secreted|Localizes primarily to the cytoplasm. Upon certain ligand binding, a conformation change exposes a nuclear localization motif and the protein is transported into nucleus (PubMed:24692551). Secreted by astrocytes, but not by neurons (By similarity).	azurophil granule lumen|cytoplasm|cytosol|extracellular exosome|extracellular region|nucleoplasm|nucleus|plasma membrane|postsynaptic density|secretory granule membrane|synapse
225	P35998	Cytoplasm|Colocalizes with TRIM5 in cytoplasmic bodies.	cytoplasm|cytoplasmic ribonucleoprotein granule|cytosol|extracellular region|ficolin-1-rich granule lumen|membrane|nucleoplasm|nucleus|P-body|proteasome accessory complex|proteasome complex|proteasome regulatory particle, base subcomplex|secretory granule lumen
227	P68104	Cytoplasm|Nucleus|Nucleus|Nucleolus|Cell membrane|Colocalizes with DLC1 at actin-rich regions in the cell periphery (PubMed:19158340). Translocates together with ZPR1 from the cytoplasm to the nucleus and nucleolus after treatment with mitogens (PubMed:8650580). Localization at the cell membrane depends on EEF1A1 phosphorylation status and the presence of PPP1R16B (PubMed:26497934).	cortical actin cytoskeleton|cytoplasm|cytoplasmic side of lysosomal membrane|cytosol|cytosolic ribosome|eukaryotic translation elongation factor 1 complex|extracellular exosome|extracellular region|extracellular space|ficolin-1-rich granule lumen|membrane|nucleolus|nucleus|plasma membrane|ribosome|ruffle membrane|secretory granule lumen
228	Q5VTE0	Cytoplasm	cytoplasm|extracellular exosome|extracellular space|nucleus
229	P02788	Isoform 1|Secreted|Cytoplasmic granule|Secreted into most exocrine fluids by various endothelial cells. Stored in the secondary granules of neutrophils.	cell surface|cytoplasm|early endosome|extracellular exosome|extracellular region|extracellular space|nucleus|phagocytic vesicle lumen|plasma membrane|protein-containing complex|recycling endosome|secretory granule|specific granule|specific granule lumen|tertiary granule lumen
230	P06702	Secreted|Cytoplasm|Cytoplasm|Cytoskeleton|Cell membrane|Peripheral membrane protein|Predominantly localized in the cytoplasm. Upon elevation of the intracellular calcium level, translocated from the cytoplasm to the cytoskeleton and the cell membrane (PubMed:18786929). Upon neutrophil activation or endothelial adhesion of monocytes, is secreted via a microtubule-mediated, alternative pathway (PubMed:15598812).	calprotectin complex|collagen-containing extracellular matrix|cytoplasm|cytoskeleton|cytosol|extracellular exosome|extracellular region|extracellular space|nucleus|plasma membrane|S100A9 complex|secretory granule lumen
231	Q9NZT1	Not found Uniprot Annotation	extracellular region|ficolin-1-rich granule lumen
232	P23396	Cytoplasm|Nucleus|Nucleus|Nucleolus|Mitochondrion inner membrane|Peripheral membrane protein|Cytoplasm|Cytoskeleton|Spindle|In normal cells, located mainly in the cytoplasm with small amounts in the nucleus but translocates to the nucleus in cells undergoing apoptosis (By similarity). Nuclear translocation is induced by DNA damaging agents such as hydrogen peroxide (PubMed:17560175). Accumulates in the mitochondrion in response to increased ROS levels (PubMed:23911537). Localizes to the spindle during mitosis (PubMed:23131551). Localized in cytoplasmic mRNP granules containing untranslated mRNAs (PubMed:17289661).	cytoplasm|cytosol|cytosolic ribosome|cytosolic small ribosomal subunit|endoplasmic reticulum|extracellular exosome|focal adhesion|membrane|mitochondrial inner membrane|mitochondrial matrix|mitotic spindle|NF-kappaB complex|nucleolus|nucleoplasm|nucleus|plasma membrane|postsynaptic density|ribonucleoprotein complex|ribosome|ruffle membrane
233	A5A3E0	Cytoplasm|Cell cortex|Colocalizes with actin filaments.	actin filament|axon|blood microparticle|cell cortex|cytoplasm|extracellular exosome|extracellular space|membrane|NuA4 histone acetyltransferase complex|synapse
234	P0CG39	Not found Uniprot Annotation	actin filament|axon|cytoplasm|extracellular exosome|extracellular space|membrane|NuA4 histone acetyltransferase complex|synapse
235	Q6S8J3	Not found Uniprot Annotation	actin filament|axon|blood microparticle|cytoplasm|extracellular exosome|extracellular space|membrane|NuA4 histone acetyltransferase complex|synapse
236	P0CG38	Not found Uniprot Annotation	actin filament|axon|cytoplasm|extracellular exosome|extracellular space|membrane|NuA4 histone acetyltransferase complex|synapse
237	P02655	Secreted	chylomicron|early endosome|extracellular region|extracellular space|intermediate-density lipoprotein particle|low-density lipoprotein particle|spherical high-density lipoprotein particle|very-low-density lipoprotein particle
238	P14207	Cell membrane|Lipid-anchor|GPI-anchor|Secreted	cell surface|external side of plasma membrane|extracellular region|plasma membrane
240	Q06830	Cytoplasm|Melanosome|Identified by mass spectrometry in melanosome fractions from stage I to stage IV.	cytoplasm|cytosol|extracellular exosome|extracellular space|melanosome|nucleus
241	Q9UM21	Alpha-1,3-mannosyl-glycoprotein 4-beta-N-acetylglucosaminyltransferase A|Golgi apparatus membrane|Single-pass type II membrane protein	endoplasmic reticulum|endoplasmic reticulum lumen|endoplasmic reticulum-Golgi intermediate compartment|extracellular exosome|Golgi membrane|Golgi stack|peroxisome
242	P16671	Cell membrane|Multi-pass membrane protein|Membrane raft|Golgi apparatus|Apical cell membrane|Upon ligand-binding, internalized through dynamin-dependent endocytosis.	apical plasma membrane|brush border membrane|caveola|cell periphery|cell surface|cytoplasm|endocytic vesicle membrane|external side of plasma membrane|extracellular space|Golgi apparatus|membrane|membrane raft|phagocytic vesicle|plasma membrane|platelet alpha granule membrane|receptor complex|specific granule membrane
244	P25311	Secreted	collagen-containing extracellular matrix|external side of plasma membrane|extracellular exosome|extracellular region|extracellular space|nucleus
245	A6NMY6	Secreted|Extracellular space|Extracellular matrix|Basement membrane|Melanosome|In the lamina beneath the plasma membrane. In melanosome fractions from stage I to stage IV. Translocated from the cytoplasm to the cell surface through a Golgi-independent mechanism.	basement membrane|cytoplasm|extracellular exosome|melanosome|nucleus|plasma membrane
246	P07355	Secreted|Extracellular space|Extracellular matrix|Basement membrane|Melanosome|In the lamina beneath the plasma membrane. Identified by mass spectrometry in melanosome fractions from stage I to stage IV. Translocated from the cytoplasm to the cell surface through a Golgi-independent mechanism.	adherens junction|AnxA2-p11 complex|azurophil granule lumen|basement membrane|basolateral plasma membrane|cell surface|collagen-containing extracellular matrix|cornified envelope|cytoplasm|cytosol|early endosome|endosome|extracellular exosome|extracellular region|extracellular space|late endosome membrane|lipid droplet|lysosomal membrane|melanosome|membrane|midbody|myelin sheath adaxonal region|nuclear matrix|nucleus|PCSK9-AnxA2 complex|plasma membrane|plasma membrane protein complex|RNA polymerase II transcription regulator complex|sarcolemma|Schmidt-Lanterman incisure|vesicle
247	P02656	Secreted	chylomicron|collagen-containing extracellular matrix|early endosome|extracellular exosome|extracellular region|extracellular space|intermediate-density lipoprotein particle|spherical high-density lipoprotein particle|very-low-density lipoprotein particle
248	O00391	Isoform 1|Golgi apparatus membrane|Single-pass membrane protein|Secreted|A small proportion is secreted, probably via a proteolytic cleavage that removes the membrane anchor.	endoplasmic reticulum lumen|extracellular exosome|extracellular region|extracellular space|Golgi apparatus|Golgi membrane|intercellular bridge|intracellular membrane-bounded organelle|platelet alpha granule lumen|specific granule lumen|tertiary granule lumen
250	P01040	Cytoplasm	cornified envelope|cytoplasm|cytosol|extracellular space|nucleoplasm|peptidase inhibitor complex
251	P05452	Secreted	collagen-containing extracellular matrix|cytoplasm|extracellular exosome|extracellular region|extracellular space|granular component|platelet dense granule lumen
252	P38646	Mitochondrion|Nucleus|Nucleolus|Cytoplasm|Mitochondrion matrix	cytoplasm|extracellular exosome|focal adhesion|MIB complex|mitochondrial inner membrane|mitochondrial matrix|mitochondrial nucleoid|mitochondrion|nucleolus|nucleus|SAM complex|TIM23 mitochondrial import inner membrane translocase complex
254	P05089	Cytoplasm|Cytoplasmic granule|Localized in azurophil granules of neutrophils (PubMed:15546957).	azurophil granule lumen|cytoplasm|cytosol|extracellular region|extracellular space|nucleus|specific granule lumen
259	Q9UFE4	Cytoplasm|Cytoskeleton|Cilium axoneme|CCDC40 is required for localization to axonemes.	axoneme|cilium|cytosol|extracellular region
267	P68871	Not found Uniprot Annotation	blood microparticle|cytosol|endocytic vesicle lumen|extracellular exosome|extracellular region|extracellular space|ficolin-1-rich granule lumen|haptoglobin-hemoglobin complex|hemoglobin complex|tertiary granule lumen
269	P05090	Secreted	cytoplasm|cytosolic ribosome|dendrite|endoplasmic reticulum|extracellular exosome|extracellular region|extracellular space|neuronal cell body|perinuclear region of cytoplasm
270	Q96P63	Cytoplasm	collagen-containing extracellular matrix|cornified envelope|cytoplasm|extracellular space|ficolin-1-rich granule membrane|plasma membrane
272	Q13162	Cytoplasm|Endoplasmic reticulum|Cotranslationally translocated to and retained within the endoplasmic reticulum. A small fraction of the protein is cytoplasmic.	cytosol|endoplasmic reticulum|extracellular exosome|extracellular region|ficolin-1-rich granule lumen|nucleus|secretory granule lumen
274	P07477	Secreted|Extracellular space	blood microparticle|collagen-containing extracellular matrix|extracellular region|extracellular space
275	Q9BYE2	Cell membrane|Single-pass type II membrane protein|Secreted|Cytoplasm|The non-phosphorylated, inactive full length protein localizes intracellularly (PubMed:28710277). N-glycosylation and phosphorylation is required for trafficking to the cell surface (PubMed:28710277, PubMed:34562451, PubMed:35796294). Interaction with SPINT1/HAI-1 and SPINT2/HAI-2 facilitate its translocation to the cell surface (PubMed:34562451, PubMed:35796294). Proteolytic cleavage is required for secretion (PubMed:35796294).	blood microparticle|cytoplasm|membrane|plasma membrane
278	Q5DT21	Secreted	extracellular region
280	Q6UWX4	Secreted	extracellular region
283	P62805	Nucleus|Chromosome	CENP-A containing nucleosome|chromosome, telomeric region|extracellular exosome|extracellular region|membrane|nucleoplasm|nucleosome|nucleus|protein-containing complex
284	P80303	Golgi apparatus|Membrane|Peripheral membrane protein|Cytoplasm|Secreted|Endoplasmic reticulum|Nucleus envelope|Golgi retention is mediated by its N-terminal region.	cytosol|endoplasmic reticulum|endoplasmic reticulum-Golgi intermediate compartment|extracellular exosome|extracellular space|Golgi apparatus|nuclear envelope|plasma membrane
287	P69905	Not found Uniprot Annotation	blood microparticle|cytosol|endocytic vesicle lumen|extracellular exosome|extracellular region|extracellular space|haptoglobin-hemoglobin complex|hemoglobin complex|membrane
291	P11142	Cytoplasm|Melanosome|Nucleus|Nucleolus|Cell membrane|Lysosome membrane|Peripheral membrane protein|Cytoplasmic side|Localized in cytoplasmic mRNP granules containing untranslated mRNAs (PubMed:17289661). Translocates rapidly from the cytoplasm to the nuclei, and especially to the nucleoli, upon heat shock (PubMed:1586970).	autophagosome|blood microparticle|cell surface|clathrin-sculpted gamma-aminobutyric acid transport vesicle membrane|cytoplasm|cytosol|dendritic shaft|dendritic spine|extracellular exosome|extracellular region|extracellular space|ficolin-1-rich granule lumen|focal adhesion|glutamatergic synapse|glycinergic synapse|intermediate filament|late endosome|lumenal side of lysosomal membrane|lysosomal lumen|lysosomal matrix|lysosomal membrane|melanosome|membrane|microtubule|nucleolus|nucleoplasm|nucleus|perikaryon|perinuclear region of cytoplasm|photoreceptor inner segment|photoreceptor ribbon synapse|plasma membrane|postsynaptic cytosol|postsynaptic density|postsynaptic specialization membrane|presynaptic cytosol|protein folding chaperone complex|Prp19 complex|ribonucleoprotein complex|secretory granule lumen|spliceosomal complex|synaptic vesicle|terminal bouton
292	P54652	Cytoplasm|Cytoskeleton|Spindle|Colocalizes with SHCBP1L at spindle during the meiosis process.	blood microparticle|CatSper complex|cell surface|cytoplasm|cytosol|extracellular exosome|male germ cell nucleus|meiotic spindle|membrane|nucleus|plasma membrane|synaptonemal complex
293	P38405	Not found Uniprot Annotation	cytoplasm|extracellular exosome|heterotrimeric G-protein complex|plasma membrane
294	P11021	Endoplasmic reticulum lumen|Melanosome|Cytoplasm|Cell surface|Identified by mass spectrometry in melanosome fractions from stage I to stage IV (PubMed:12643545). Localizes to the cell surface of epithelial cells in response to high levels of free iron (PubMed:20484814, PubMed:24355926, PubMed:27159390).	cell surface|cytoplasm|cytosol|endoplasmic reticulum|endoplasmic reticulum chaperone complex|endoplasmic reticulum lumen|endoplasmic reticulum membrane|endoplasmic reticulum-Golgi intermediate compartment|extracellular exosome|focal adhesion|intracellular membrane-bounded organelle|melanosome|membrane|midbody|mitochondrion|nucleus|plasma membrane|protein-containing complex
295	P17066	Not found Uniprot Annotation	blood microparticle|centriole|cytoplasm|cytosol|extracellular exosome|extracellular region|ficolin-1-rich granule lumen|nucleus|plasma membrane|secretory granule lumen
297	Q5JWF2	Cell membrane|Peripheral membrane protein|Apical cell membrane	apical plasma membrane|cytoplasm|cytosol|extracellular exosome|heterotrimeric G-protein complex|membrane
298	P06576	Mitochondrion inner membrane|Peripheral membrane protein|Matrix side	cell surface|extracellular exosome|membrane|mitochondrial inner membrane|mitochondrial matrix|mitochondrial membrane|mitochondrial nucleoid|mitochondrial proton-transporting ATP synthase complex|mitochondrial proton-transporting ATP synthase, catalytic core|mitochondrion|nucleus|plasma membrane|proton-transporting ATP synthase complex|proton-transporting ATP synthase complex, catalytic core F(1)
299	P0DMV9	Cytoplasm|Cytoplasm|Cytoskeleton|Microtubule organizing center|Centrosome|Localized in cytoplasmic mRNP granules containing untranslated mRNAs.	aggresome|blood microparticle|centriole|centrosome|cytoplasm|cytosol|endoplasmic reticulum|extracellular exosome|extracellular region|ficolin-1-rich granule lumen|focal adhesion|inclusion body|mitochondrion|nuclear speck|nucleoplasm|nucleus|perinuclear region of cytoplasm|plasma membrane|protein-containing complex|ribonucleoprotein complex|vesicle
300	P48741	Not found Uniprot Annotation	blood microparticle|cytoplasm|cytosol|extracellular exosome|nucleus|plasma membrane
301	P35998	Cytoplasm|Colocalizes with TRIM5 in cytoplasmic bodies.	cytoplasm|cytoplasmic ribonucleoprotein granule|cytosol|extracellular region|ficolin-1-rich granule lumen|membrane|nucleoplasm|nucleus|P-body|proteasome accessory complex|proteasome complex|proteasome regulatory particle, base subcomplex|secretory granule lumen
302	P25705	Mitochondrion|Mitochondrion inner membrane|Peripheral membrane protein|Matrix side|Cell membrane|Peripheral membrane protein|Extracellular side|Colocalizes with HRG on the cell surface of T-cells (PubMed:19285951).	cell surface|extracellular exosome|membrane|membrane raft|mitochondrial inner membrane|mitochondrial matrix|mitochondrial proton-transporting ATP synthase complex|mitochondrial proton-transporting ATP synthase, catalytic core|mitochondrion|plasma membrane|proton-transporting ATP synthase complex|proton-transporting ATP synthase complex, catalytic core F(1)
306	P07900	Nucleus|Cytoplasm|Melanosome|Cell membrane|Mitochondrion|Identified by mass spectrometry in melanosome fractions from stage I to stage IV.	apical plasma membrane|axonal growth cone|basolateral plasma membrane|brush border membrane|cell surface|collagen-containing extracellular matrix|cytoplasm|cytosol|dendritic growth cone|endocytic vesicle lumen|extracellular exosome|extracellular region|ficolin-1-rich granule lumen|lysosomal lumen|melanosome|membrane|mitochondrion|myelin sheath|neuronal cell body|nucleoplasm|nucleus|perinuclear region of cytoplasm|plasma membrane|protein-containing complex|secretory granule lumen|sperm mitochondrial sheath|sperm plasma membrane
307	P08238	Cytoplasm|Melanosome|Nucleus|Secreted|Cell membrane|Dynein axonemal particle|Cell surface|Identified by mass spectrometry in melanosome fractions from stage I to stage IV (PubMed:17081065). Translocates with BIRC2 from the nucleus to the cytoplasm during differentiation (PubMed:18239673). Secreted when associated with TGFB1 processed form (LAP) (PubMed:20599762).	aryl hydrocarbon receptor complex|axonal growth cone|cell surface|cytoplasm|cytosol|dendritic growth cone|dynein axonemal particle|extracellular exosome|extracellular region|ficolin-1-rich granule lumen|HSP90-CDC37 chaperone complex|melanosome|membrane|mitochondrion|neuronal cell body|nucleoplasm|nucleus|perinuclear region of cytoplasm|plasma membrane|protein-containing complex|secretory granule lumen
309	P68104	Cytoplasm|Nucleus|Nucleus|Nucleolus|Cell membrane|Colocalizes with DLC1 at actin-rich regions in the cell periphery (PubMed:19158340). Translocates together with ZPR1 from the cytoplasm to the nucleus and nucleolus after treatment with mitogens (PubMed:8650580). Localization at the cell membrane depends on EEF1A1 phosphorylation status and the presence of PPP1R16B (PubMed:26497934).	cortical actin cytoskeleton|cytoplasm|cytoplasmic side of lysosomal membrane|cytosol|cytosolic ribosome|eukaryotic translation elongation factor 1 complex|extracellular exosome|extracellular region|extracellular space|ficolin-1-rich granule lumen|membrane|nucleolus|nucleus|plasma membrane|ribosome|ruffle membrane|secretory granule lumen
310	P04406	Cytoplasm|Cytosol|Nucleus|Cytoplasm|Perinuclear region|Membrane|Cytoplasm|Cytoskeleton|Translocates to the nucleus following S-nitrosylation and interaction with SIAH1, which contains a nuclear localization signal (By similarity). Postnuclear and Perinuclear regions (PubMed:12829261).	cytoplasm|cytosol|extracellular exosome|GAIT complex|intracellular membrane-bounded organelle|lipid droplet|membrane|microtubule cytoskeleton|nuclear membrane|nucleus|perinuclear region of cytoplasm|plasma membrane|ribonucleoprotein complex|vesicle
311	P14923	Cell junction|Adherens junction|Cell junction|Desmosome|Cytoplasm|Cytoskeleton|Cell membrane|Peripheral membrane protein|Cytoplasm|Cell junction|Nucleus|Cytoplasmic in a soluble and membrane-associated form.	adherens junction|catenin complex|cell-cell junction|cornified envelope|cytoplasm|cytoplasmic side of plasma membrane|cytoskeleton|cytosol|desmosome|extracellular exosome|extracellular region|ficolin-1-rich granule lumen|focal adhesion|gamma-catenin-TCF7L2 complex|intercalated disc|intermediate filament|nucleus|plasma membrane|protein-DNA complex|specific granule lumen|Z disc|zonula adherens
313	Q9NZT1	Not found Uniprot Annotation	extracellular region|ficolin-1-rich granule lumen
314	P15880	Cytoplasm|Nucleus|Nucleolus|Probably localized to nucleolus and cytoplasm in complex with ZNF277.	cytoplasm|cytosol|cytosolic ribosome|cytosolic small ribosomal subunit|extracellular exosome|focal adhesion|membrane|nucleoplasm|nucleus
315	P81605	Secreted	extracellular exosome|extracellular region|membrane
316	Q5VTE0	Cytoplasm	cytoplasm|extracellular exosome|extracellular space|nucleus
317	P05067	Cell membrane|Single-pass type I membrane protein|Membrane|Single-pass type I membrane protein|Perikaryon|Cell projection|Growth cone|Membrane|Clathrin-coated pit|Early endosome|Cytoplasmic vesicle|Cell surface protein that rapidly becomes internalized via clathrin-coated pits. Only a minor proportion is present at the cell membrane; most of the protein is present in intracellular vesicles (PubMed:20580937). During maturation, the immature APP (N-glycosylated in the endoplasmic reticulum) moves to the Golgi complex where complete maturation occurs (O-glycosylated and sulfated). After alpha-secretase cleavage, soluble APP is released into the extracellular space and the C-terminal is internalized to endosomes and lysosomes. Some APP accumulates in secretory transport vesicles leaving the late Golgi compartment and returns to the cell surface. APP sorts to the basolateral surface in epithelial cells. During neuronal differentiation, the Thr-743 phosphorylated form is located mainly in growth cones, moderately in neurites and sparingly in the cell body (PubMed:10341243). Casein kinase phosphorylation can occur either at the cell surface or within a post-Golgi compartment. Associates with GPC1 in perinuclear compartments. Colocalizes with SORL1 in a vesicular pattern in cytoplasm and perinuclear regions.	apical part of cell|axon|cell surface|cell-cell junction|ciliary rootlet|clathrin-coated pit|COPII-coated ER to Golgi transport vesicle|cytoplasm|cytosol|dendrite|dendritic shaft|dendritic spine|early endosome|endoplasmic reticulum|endoplasmic reticulum lumen|endosome|endosome lumen|extracellular exosome|extracellular region|extracellular space|Golgi apparatus|Golgi lumen|Golgi-associated vesicle|growth cone|membrane|membrane raft|mitochondrial inner membrane|neuromuscular junction|nuclear envelope lumen|perikaryon|perinuclear region of cytoplasm|plasma membrane|platelet alpha granule lumen|presynaptic active zone|receptor complex|recycling endosome|smooth endoplasmic reticulum|spindle midzone|synapse|synaptic vesicle|trans-Golgi network membrane
318	Q08554	Cell membrane|Single-pass type I membrane protein|Cell junction|Desmosome	adherens junction|catenin complex|cornified envelope|desmosome|extracellular exosome|ficolin-1-rich granule membrane|gap junction|membrane|plasma membrane
320	P61026	Cytoplasmic vesicle membrane|Lipid-anchor|Cytoplasmic side|Golgi apparatus membrane|Golgi apparatus|Trans-Golgi network membrane|Endosome membrane|Recycling endosome membrane|Cytoplasmic vesicle|Phagosome membrane|Cytoplasm|Cytoskeleton|Cilium basal body|Endoplasmic reticulum membrane|Cytoplasm|Perinuclear region|Associates with SLC2A4/GLUT4 storage vesicles (PubMed:22908308). Localizes to the base of the cilium when phosphorylated by LRRK2 on Thr-73 (PubMed:20576682, PubMed:30398148). Transiently associates with phagosomes (By similarity). Localizes to the endoplasmic reticulum at domains of new tubule growth (PubMed:23263280). Colocalizes with MICAL1, GRAF1/ARHGAP26 and GRAF2/ARHGAP10 on endosomal tubules (PubMed:32344433).	adherens junction|cilium|cytoplasmic vesicle membrane|cytoskeleton|cytosol|endoplasmic reticulum membrane|endoplasmic reticulum tubular network|endosome|endosome membrane|exocytic vesicle|extracellular exosome|focal adhesion|Golgi apparatus|Golgi membrane|insulin-responsive compartment|perinuclear region of cytoplasm|phagocytic vesicle membrane|plasma membrane|recycling endosome|recycling endosome membrane|secretory granule membrane|trans-Golgi network
322	P62820	Golgi apparatus|Endoplasmic reticulum|Early endosome|Cytoplasm|Cytosol|Membrane|Melanosome|Alternates between membrane-associated and cytosolic forms.	cytosol|early endosome|endomembrane system|endoplasmic reticulum|endosome membrane|extracellular exosome|Golgi apparatus|Golgi membrane|melanosome|plasma membrane|transport vesicle membrane
327	P02768	Secreted	blood microparticle|cytoplasm|endoplasmic reticulum|endoplasmic reticulum lumen|extracellular exosome|extracellular region|extracellular space|Golgi apparatus|nucleus|platelet alpha granule lumen|protein-containing complex
328	P20336	Cytoplasm|Cytosol|Lysosome|Cytoplasmic vesicle|Secretory vesicle|Cell projection|Axon|Cell membrane|Lipid-anchor|Cytoplasmic side|Presynapse|Postsynapse|Cycles between a vesicle-associated GTP-bound form and a cytosolic GDP-bound form.	acrosomal vesicle|axon|clathrin-sculpted acetylcholine transport vesicle membrane|clathrin-sculpted gamma-aminobutyric acid transport vesicle membrane|clathrin-sculpted glutamate transport vesicle membrane|clathrin-sculpted monoamine transport vesicle membrane|cytosol|endosome|extracellular vesicle|lysosome|perinuclear region of cytoplasm|plasma membrane|postsynapse|presynapse|presynaptic active zone|secretory granule membrane|synaptic vesicle|synaptic vesicle membrane|terminal bouton
329	Q86YS6	Cytoplasmic vesicle|Phagosome|Cytoplasmic vesicle|Phagosome membrane|Lipid-anchor|Cytoplasmic side|Golgi apparatus|Golgi apparatus|Trans-Golgi network membrane|Lipid-anchor|Golgi apparatus|Trans-Golgi network|Recruited to phagosomes containing S.aureus or M.tuberculosis (PubMed:21255211).	endomembrane system|extracellular exosome|Golgi apparatus|phagocytic vesicle|phagocytic vesicle membrane|trans-Golgi network membrane
330	P61106	Recycling endosome|Early endosome membrane|Lipid-anchor|Cytoplasmic side|Golgi apparatus membrane|Lipid-anchor|Cytoplasmic side|Golgi apparatus|Trans-Golgi network membrane|Lipid-anchor|Cytoplasmic side|Cytoplasmic vesicle|Phagosome|Recruited to recycling endosomes by DENND6A (PubMed:22595670). Recruited to phagosomes containing S.aureus or M.tuberculosis (PubMed:21255211).	cytosol|early endosome|early endosome membrane|endomembrane system|extracellular exosome|Golgi membrane|Golgi stack|intracellular membrane-bounded organelle|late endosome|lysosomal membrane|lysosome|nuclear outer membrane-endoplasmic reticulum membrane network|perinuclear region of cytoplasm|phagocytic vesicle|plasma membrane|recycling endosome|recycling endosome membrane|rough endoplasmic reticulum|tertiary granule membrane|trans-Golgi network|trans-Golgi network transport vesicle
331	P20337	Cell membrane|Lipid-anchor|Cytoplasmic side|Golgi apparatus|Colocalizes with GAS8/DRC4 in the Golgi apparatus.	cytoplasm|dopaminergic synapse|endosome|extracellular exosome|Golgi apparatus|perinuclear region of cytoplasm|plasma membrane|synaptic vesicle|synaptic vesicle membrane|vesicle
332	P59190	Cell membrane|Lipid-anchor|Cytoplasmic side	cilium|cytoplasm|endosome membrane|extracellular exosome|perinuclear region of cytoplasm|plasma membrane
333	P05109	Secreted|Cytoplasm|Cytoplasm|Cytoskeleton|Cell membrane|Peripheral membrane protein|Predominantly localized in the cytoplasm. Upon elevation of the intracellular calcium level, translocated from the cytoplasm to the cytoskeleton and the cell membrane. Upon neutrophil activation or endothelial adhesion of monocytes, is secreted via a microtubule-mediated, alternative pathway.	calprotectin complex|collagen-containing extracellular matrix|cytoskeleton|cytosol|extracellular exosome|extracellular region|extracellular space|intermediate filament cytoskeleton|nucleus|plasma membrane|secretory granule lumen
334	P61006	Cell membrane|Lipid-anchor|Cytoplasmic side|Golgi apparatus|Endosome membrane|Recycling endosome membrane|Cell projection|Cilium|Cytoplasmic vesicle|Phagosome|Cytoplasmic vesicle|Phagosome membrane|Lipid-anchor|Cytoplasmic side|Cytoplasm|Cytoskeleton|Microtubule organizing center|Centrosome|Centriole|Cytoplasm|Cytoskeleton|Cilium basal body|Midbody|Cytoplasm|Cytoskeleton|Cilium axoneme|Cytoplasm|Colocalizes with OPTN at the Golgi complex and in vesicular structures close to the plasma membrane (PubMed:15837803). In the GDP-bound form, present in the perinuclear region (PubMed:12221131). Shows a polarized distribution to distal regions of cell protrusions in the GTP-bound form (PubMed:12221131). Colocalizes with PARD3, PRKCI, EXOC5, OCLN, PODXL and RAB11A in apical membrane initiation sites (AMIS) during the generation of apical surface and lumenogenesis (PubMed:20890297). Localizes to tubular recycling endosome (PubMed:19864458). Recruited to phagosomes containing S.aureus or M.tuberculosis (PubMed:21255211). Non-phosphorylated RAB8A predominantly localized to the cytoplasm whereas phosphorylated RAB8A localized to the membrane (PubMed:26824392, PubMed:29125462, PubMed:30398148). Colocalized with MICAL1, GRAF1/ARHGAP26 and GRAF2/ARHGAP10 on endosomal tubules (PubMed:32344433).	centriole|centrosome|ciliary basal body|ciliary base|ciliary membrane|cilium|cytosol|dendritic spine|endosome|endosome membrane|extracellular exosome|glutamatergic synapse|Golgi membrane|midbody|neuronal cell body|non-motile cilium|phagocytic vesicle|phagocytic vesicle membrane|plasma membrane|postsynaptic density|recycling endosome membrane|synaptic vesicle|trans-Golgi network membrane|trans-Golgi network transport vesicle
339	P20338	Membrane|Peripheral membrane protein|Cytoplasm|Early endosome membrane|Peripheral membrane protein|Recycling endosome membrane|Peripheral membrane protein|Generally associated with membranes. Cytoplasmic when phosphorylated by CDK1.	cytoplasmic vesicle membrane|early endosome membrane|extracellular exosome|insulin-responsive compartment|perinuclear region of cytoplasm|plasma membrane|postsynaptic recycling endosome|recycling endosome membrane|vesicle
340	P07355	Secreted|Extracellular space|Extracellular matrix|Basement membrane|Melanosome|In the lamina beneath the plasma membrane. Identified by mass spectrometry in melanosome fractions from stage I to stage IV. Translocated from the cytoplasm to the cell surface through a Golgi-independent mechanism.	adherens junction|AnxA2-p11 complex|azurophil granule lumen|basement membrane|basolateral plasma membrane|cell surface|collagen-containing extracellular matrix|cornified envelope|cytoplasm|cytosol|early endosome|endosome|extracellular exosome|extracellular region|extracellular space|late endosome membrane|lipid droplet|lysosomal membrane|melanosome|membrane|midbody|myelin sheath adaxonal region|nuclear matrix|nucleus|PCSK9-AnxA2 complex|plasma membrane|plasma membrane protein complex|RNA polymerase II transcription regulator complex|sarcolemma|Schmidt-Lanterman incisure|vesicle
346	P05089	Cytoplasm|Cytoplasmic granule|Localized in azurophil granules of neutrophils (PubMed:15546957).	azurophil granule lumen|cytoplasm|cytosol|extracellular region|extracellular space|nucleus|specific granule lumen
352	P61020	Cell membrane|Lipid-anchor|Cytoplasmic side|Early endosome membrane|Lipid-anchor|Melanosome|Enriched in stage I melanosomes.	early endosome|early endosome membrane|endocytic vesicle|endomembrane system|endosome|extracellular exosome|Golgi apparatus|intracellular membrane-bounded organelle|melanosome|membrane|plasma membrane|secretory granule membrane|synaptic vesicle membrane
353	O95716	Cell membrane|Lipid-anchor|Cytoplasmic side	azurophil granule membrane|cytoplasmic microtubule|endosome|extracellular exosome|plasma membrane|secretory vesicle|synaptic vesicle|zymogen granule
354	P28325	Secreted	cytoplasm|extracellular exosome|extracellular region|extracellular space|vesicle
356	Q9H0U4	Cytoplasm|Membrane|Lipid-anchor|Cytoplasmic side|Preautophagosomal structure membrane|Lipid-anchor|Cytoplasmic side|Cytoplasm|Perinuclear region|Targeted by REP1 to membranes of specific subcellular compartments including endoplasmic reticulum, Golgi apparatus, and intermediate vesicles between these two compartments (PubMed:11389151). In the GDP-form, colocalizes with GDI in the cytoplasm (PubMed:11389151). Co-localizes with MTMR6 to the endoplasmic reticulum-Golgi intermediate compartment and to the peri-Golgi region (By similarity).	cytosol|endomembrane system|endoplasmic reticulum membrane|endoplasmic reticulum-Golgi intermediate compartment membrane|extracellular exosome|Golgi apparatus|Golgi membrane|perinuclear region of cytoplasm|phagophore assembly site membrane|transport vesicle
357	Q15286	Cell membrane|Lipid-anchor|Cytoplasmic side|Membrane|Clathrin-coated pit|Cytoplasmic vesicle|Clathrin-coated vesicle|Endosome|Melanosome|Present on sorting endosomes and recycling endosome tubules (PubMed:16950109). Tends to be enriched in PIP2-positive cell membrane domains (PubMed:16950109). During mitosis, associated with the plasma membrane and present at the ingressing furrow during early cytokinesis as well as at the intercellular bridge later during cytokinesis (PubMed:16950109). Identified in stage I to stage IV melanosomes (PubMed:17081065).	cell projection membrane|clathrin-coated endocytic vesicle|clathrin-coated endocytic vesicle membrane|clathrin-coated pit|cytosol|endosome membrane|extracellular exosome|intercellular bridge|melanosome|plasma membrane|recycling endosome membrane
359	P04040	Peroxisome matrix	catalase complex|cytoplasm|cytosol|extracellular exosome|extracellular region|ficolin-1-rich granule lumen|focal adhesion|intracellular membrane-bounded organelle|membrane|mitochondrion|peroxisomal matrix|peroxisomal membrane|peroxisome|protein-containing complex|secretory granule lumen
360	P20340	Golgi apparatus membrane|Lipid-anchor|Cytoplasmic vesicle|Secretory vesicle|Acrosome membrane|Peripheral membrane protein|BICD2 facilitates its targeting to Golgi apparatus membrane.	acrosomal membrane|cytoplasmic vesicle|cytosol|endomembrane system|endoplasmic reticulum membrane|endosome to plasma membrane transport vesicle|extracellular exosome|Golgi apparatus|Golgi membrane|membrane|plasma membrane|secretory granule membrane|trans-Golgi network|trans-Golgi network membrane
362	Q92930	Cell membrane|Lipid-anchor|Cytoplasmic side|Cytoplasmic vesicle|Phagosome|Cytoplasmic vesicle|Phagosome membrane|Lipid-anchor|Cytoplasmic side|Endosome membrane|Recruited to phagosomes containing S.aureus or M.tuberculosis. Colocalized with MICAL1, GRAF1/ARHGAP26 and GRAF2/ARHGAP10 on endosomal tubules (PubMed:32344433).	cell tip|endosome|endosome membrane|extracellular exosome|perinuclear region of cytoplasm|peroxisomal membrane|phagocytic vesicle|phagocytic vesicle membrane|plasma membrane|recycling endosome membrane|synaptic vesicle|trans-Golgi network transport vesicle
363	P15924	Cell junction|Desmosome|Cell membrane|Localizes at the intercalated disk in cardiomyocytes.	adherens junction|basolateral plasma membrane|cornified envelope|cytoplasm|desmosome|extracellular exosome|fascia adherens|ficolin-1-rich granule membrane|intercalated disc|intermediate filament|nucleus|plasma membrane
368	P67775	Cytoplasm|Nucleus|Chromosome|Centromere|Cytoplasm|Cytoskeleton|Spindle pole|In prometaphase cells, but not in anaphase cells, localizes at centromeres (PubMed:16541025). During mitosis, also found at spindle poles (PubMed:16541025). Centromeric localization requires the presence of SGO2 (By similarity).	chromosome, centromeric region|cytosol|extracellular exosome|membrane|membrane raft|microtubule cytoskeleton|mitochondrion|nucleus|plasma membrane|protein phosphatase type 2A complex|spindle pole|synapse
369	Q9NQ66	Nucleus membrane|Cytoplasm|Colocalizes with the adrenergic receptors, ADREN1A and ADREN1B, at the nuclear membrane of cardiac myocytes.	chromatin|cytoplasm|cytosol|extracellular exosome|GABA-ergic synapse|glutamatergic synapse|nuclear membrane|nuclear speck|nucleus|postsynaptic cytosol
371	Q6UX06	Secreted|Extracellular space|Mitochondrion|Subcellular location is not clearly defined: has been shown to be secreted (PubMed:16566923), but also in the mitochondrion (PubMed:15059901, PubMed:20724538), cytoplasm and plasma membrane (PubMed:20724538) and in the nucleus (PubMed:15059901).	cytosol|extracellular exosome|extracellular region|extracellular space|intercellular bridge|mitochondrion|nucleoplasm|perinuclear region of cytoplasm|plasma membrane|protein-containing complex|specific granule|specific granule lumen|tertiary granule lumen
374	O00487	Not found Uniprot Annotation	cytosol|cytosolic proteasome complex|extracellular region|ficolin-1-rich granule lumen|nucleoplasm|nucleus|proteasome accessory complex|proteasome complex|proteasome regulatory particle, lid subcomplex|secretory granule lumen
375	Q9BYE2	Cell membrane|Single-pass type II membrane protein|Secreted|Cytoplasm|The non-phosphorylated, inactive full length protein localizes intracellularly (PubMed:28710277). N-glycosylation and phosphorylation is required for trafficking to the cell surface (PubMed:28710277, PubMed:34562451, PubMed:35796294). Interaction with SPINT1/HAI-1 and SPINT2/HAI-2 facilitate its translocation to the cell surface (PubMed:34562451, PubMed:35796294). Proteolytic cleavage is required for secretion (PubMed:35796294).	blood microparticle|cytoplasm|membrane|plasma membrane
376	P49368	Cytoplasm	cell body|chaperonin-containing T-complex|cytoskeleton|cytosol|extracellular exosome|microtubule|zona pellucida receptor complex
377	P09651	Nucleus|Cytoplasm|Localized in cytoplasmic mRNP granules containing untranslated mRNAs. Shuttles continuously between the nucleus and the cytoplasm along with mRNA. Component of ribonucleosomes (PubMed:17289661).	catalytic step 2 spliceosome|cytoplasm|cytosol|extracellular exosome|membrane|nucleoplasm|nucleus|ribonucleoprotein complex|spliceosomal complex
378	P02769	Secreted	blood microparticle|cytoplasm|extracellular region|protein-containing complex
379	P63017	Cytoplasm|Melanosome|Nucleus|Nucleolus|Cell membrane|Lysosome membrane|Peripheral membrane protein|Cytoplasmic side|Localized in cytoplasmic mRNP granules containing untranslated mRNAs. Translocates rapidly from the cytoplasm to the nuclei, and especially to the nucleoli, upon heat shock.	asymmetric synapse|autophagosome|axon|cell surface|cytoplasm|cytosol|dendrite|dendritic shaft|dendritic spine|extracellular exosome|glutamatergic synapse|glycinergic synapse|intermediate filament|late endosome|late endosome lumen|lysosomal matrix|lysosomal membrane|melanosome|microtubule|myelin sheath|neuron spine|neuronal cell body|nucleolus|nucleus|perikaryon|perinuclear region of cytoplasm|photoreceptor inner segment|photoreceptor ribbon synapse|plasma membrane|postsynapse|postsynaptic cytosol|postsynaptic density|postsynaptic specialization membrane|presynapse|presynaptic cytosol|protein folding chaperone complex|protein-containing complex|Prp19 complex|ribonucleoprotein complex|spliceosomal complex|synaptic vesicle|terminal bouton
381	P20029	Endoplasmic reticulum lumen|Melanosome|Cytoplasm|Cell surface|Identified by mass spectrometry in melanosome fractions from stage I to stage IV (By similarity). Localizes to the cell surface in epithelial cells; high levels of free iron promotes cell surface localization (By similarity).	cell surface|COP9 signalosome|cytoplasm|cytosol|dendritic shaft|endoplasmic reticulum|endoplasmic reticulum chaperone complex|endoplasmic reticulum lumen|endoplasmic reticulum membrane|endoplasmic reticulum-Golgi intermediate compartment|extracellular region|melanosome|membrane|midbody|mitochondrion|myelin sheath|neuronal cell body|nucleus|plasma membrane|smooth endoplasmic reticulum
382	P01837	Not found Uniprot Annotation	extracellular region|plasma membrane
386	Q61696	Cytoplasm|Nucleus|Cytoplasm|Cytoskeleton|Microtubule organizing center|Centrosome|Secreted|Localized in cytoplasmic mRNP granules containing untranslated mRNAs.	apical plasma membrane|basolateral plasma membrane|blood microparticle|centrosome|cytoplasm|cytosol|membrane raft|mitochondrion|nuclear speck|nucleus|perinuclear region of cytoplasm|protein-containing complex|vesicle
388	A0A2R8VHP3	Not found Uniprot Annotation	extracellular space|keratin filament
390	Q6IFZ8	Not found Uniprot Annotation	extracellular space|keratin filament
393	P12023	Cell membrane|Single-pass type I membrane protein|Membrane|Single-pass type I membrane protein|Perikaryon|Cell projection|Growth cone|Membrane|Clathrin-coated pit|Early endosome|Cytoplasmic vesicle|Golgi apparatus|Trans-Golgi network|Cell surface protein that rapidly becomes internalized via clathrin-coated pits. Only a minor proportion is present at the cell membrane; most of the protein is present in intracellular vesicles. During maturation, the immature APP (N-glycosylated in the endoplasmic reticulum) moves to the Golgi complex where complete maturation occurs (O-glycosylated and sulfated). After alpha-secretase cleavage, soluble APP is released into the extracellular space and the C-terminal is internalized to endosomes and lysosomes. Some APP accumulates in secretory transport vesicles leaving the late Golgi compartment and returns to the cell surface. APP sorts to the basolateral surface in epithelial cells. During neuronal differentiation, the Thr-743 phosphorylated form is located mainly in growth cones, moderately in neurites and sparingly in the cell body. Casein kinase phosphorylation can occur either at the cell surface or within a post-Golgi compartment (By similarity). Associates with GPC1 in perinuclear compartments (PubMed:15677459). Colocalizes with SORL1 in a vesicular pattern in cytoplasm and perinuclear regions (By similarity). Upon neuronal activation, routed into BACE1-positive recycling endosomes via a clathrin -dependent mechanism (PubMed:23931995).	apical part of cell|astrocyte projection|axon|cell surface|cell-cell junction|ciliary rootlet|clathrin-coated pit|COPII-coated ER to Golgi transport vesicle|cytoplasm|cytoplasmic vesicle|dendritic shaft|dendritic spine|early endosome|endoplasmic reticulum|extracellular space|Golgi apparatus|Golgi-associated vesicle|growth cone|growth cone filopodium|growth cone lamellipodium|main axon|membrane|membrane raft|neuromuscular junction|neuron projection|neuronal dense core vesicle|nuclear envelope lumen|perikaryon|perinuclear region of cytoplasm|plasma membrane|presynaptic active zone|receptor complex|recycling endosome|smooth endoplasmic reticulum|spindle midzone|synaptic vesicle
398	P07901	Nucleus|Cytoplasm|Melanosome|Cell membrane|Mitochondrion	apical plasma membrane|axonal growth cone|basolateral plasma membrane|brush border membrane|cell surface|collagen-containing extracellular matrix|cytoplasm|cytosol|dendritic growth cone|melanosome|mitochondrion|myelin sheath|neuronal cell body|nucleoplasm|nucleus|perinuclear region of cytoplasm|plasma membrane|protein-containing complex|sperm flagellum|sperm mitochondrial sheath|sperm plasma membrane
400	P11499	Cytoplasm|Melanosome|Nucleus|Secreted|Cell membrane|Dynein axonemal particle|Translocates with BIRC2 from the nucleus to the cytoplasm during differentiation. Secreted when associated with TGFB1 processed form (LAP).	apical plasma membrane|aryl hydrocarbon receptor complex|axonal growth cone|basolateral plasma membrane|brush border membrane|cell surface|COP9 signalosome|cytoplasm|cytosol|dendritic growth cone|dynein axonemal particle|extracellular region|HSP90-CDC37 chaperone complex|inclusion body|lysosomal membrane|melanosome|mitochondrion|neuronal cell body|nucleus|ooplasm|perinuclear region of cytoplasm|plasma membrane|protein-containing complex|sperm head plasma membrane
402	A0A075B5J9	Not found Uniprot Annotation	extracellular space
403	A0A075B5K3	Not found Uniprot Annotation	extracellular space
412	P07724	Secreted	basement membrane|blood microparticle|cytoplasm|endoplasmic reticulum|extracellular exosome|extracellular region|extracellular space|Golgi apparatus|myelin sheath|protein-containing complex
419	Q3UZZ4	Secreted|Extracellular space|Mitochondrion	extracellular space|mitochondrion
